[{"@type":"mappingTemplate","id":"@1","name":"Mapping_Oracle_FF","description":"This mapping now reads from SQL Server","autoExpireObject":false,"bundleVersion":"0","assetFrsGuid":"hEXExFeICWtbZPw8DSlGip","templateId":"@3","deployTime":1767986150000,"hasParameters":false,"valid":true,"fixedConnection":true,"hasParametersDeployed":false,"fixedConnectionDeployed":true,"isSchemaValidationEnabled":false,"tasks":1,"mappingPreviewFileRecordId":"@2","documentType":"MAPPING","allowMaxFieldLength":false,"specialCharacterSupport":false,"references":[{"@type":"reference","refObjectId":"@2Hxpf6TybYghxwc0pgXESf","refType":"connection"},{"@type":"reference","refObjectId":"@hNz6Z8qU8GJe4qgDMAxRMu","refType":"connection"}]}]